,name,sales,reviews,ranting,description,materials,vintage
0,"Monogram Full Zip Jacket, Personalized Fleece Jacket, Custom Embroidered Full Zip Jacket for Ladies, Bridesmaid Proposal Gift for Her, Teens",Star Seller,"8,845 reviews",5 out of 5 stars,"Monogrammed Full Zip Jacket Stay warm and stylish this fall with our LADIES fit Monogram Full Zip Pull Over jacket and add personalized style to your wardrobe! We will monogram this full zip pull-over with a your 3 letter monogram, a single letter, or text in your favorite style font and lettering you prefer.ðŸ§¥FEATURES:This monogrammed pull over jacket features:   --100% spun soft polyester fleece with finished non pill on face--Front zip pockets--Dyed to match zippers and zipper pull--Front yoke, non roll elastic cuffs--Bottom hem with inside casing with drawcord and toggles--Mid weight fleece highly breathable--Raglan sleeves--Princess seams for feminine shapeðŸ›’HOW TO ORDER:1. Select the desired personalize finish (iron on sticker OR embroidery thread)  from the drop down options. 2. Select the preferred jacket size (Ladies fit) + jacket color3. In the 'Personalization' box type the following:--Letter color (see photos)--Font preference (see photos)--Letters in the EXACT order you want them (we do not rearrange the letters from how you type it)--Date requested by (Dates sooner than 2 weeks need a rush fee AND Express shipping upgrade to be guaranteed)----If requesting a 3 letter monogram (typical order is first, LAST, middle)Please review your monogramming instructions for personalized items BEFORE your order is placed. ALL orders will be monogrammed ExAcTLy As TyPeD in your order notes. If you type ""My initials are ABC"" then I will monogram your jacket ABC. If your initials are ABC but you want them monogrammed ACB then you'd only need to type them ACB. Please message me if you have questions. I would love to personalize a fleece jacket just for you!ðŸ§µPERSONALIZATON DETAILS:Monograms or Single Letters are 3"" tall. Names or Text will be limited to 2 lines and up to 12 characters per line (including spaces). Names/Text will be 1-2"" tall and 3.75"" wide depending on the name/text. Monograms/Single Letters/Names/Text can be up to 3"" tall and up to 3.75"" wide. If you have a size preference please specify, otherwise we will use our default sizing for the personalization. Please review your monogramming instructions for personalized items BEFORE your order is placed. ALL orders will be monogrammed ExAcTLy As TyPeD in your order notes. If you type ""My initials are ABC"" then I will monogram your jacket ABC. If your initials are ABC but you want them monogrammed ACB then you'd only need to type them ACB. Please message me if you have questions. I would love to personalize a fleece jacket just for you!ðŸ“¬SHIPPING:Current Production Schedule: Up to 5 business days Estimated Shipping Time: 5-10 business days (allow up to 3 weeks during November & December)Carrier used: USPS**Orders needed in hand in under 14 days MUST add both the rush fee AND Express shipping upgrade.**USPS does not guarantee delivery dates on their standard shipping speeds. Estimated Delivery Dates are estimated.ðŸ‘–Complete the Set:Monogrammed Yoga Pantshttps://www.etsy.com/listing/181954825/monogrammed-yoga-pants-personalized",Materials: Fleece,Handmade
1,Charles River Monogram Rain Coat New Englander Personalized Rain Jacket E6,Star Seller,"75,303 reviews",5 out of 5 stars,"Nothing brightens a rainy day like our monogrammed Charles River New Englander Rain Jacket!These rain coats are waterproof to keep you dry and available in our best selling colors mint and coral!Authentic Charles River Full Zip New Englander Rain Jacket.â™¥â™¥ PREVIEW NAME OR TEXT HERE: https://everlygrayce.font.page/EMBMONOâ™¥ HOW TO ORDER â™¥1) Select options for any Dropdowns (see photos for options)2) Enter information in the Personalization Box3) Click ""ADD TO CART""4) Go back to listing and repeat as needed5) Confirm Shipping Address and Complete Checkout!â™¥ SIZING AND ITEM DETAILS â™¥â–¹ Listing photos contain sizing, details, and color options.â–¹ Design is Embroidered.â–¹ Jackets are ladies fit and run slightly large. â–¹ Thin mesh liningâ–¹ Jacket is Water-Resistantâœ§ Add the hood monogram also!!â€¢ https://www.etsy.com/listing/196949856/monogram-add-on-for-rain-jacket-hood?ref=listings_manager_gridâ™¥ PROCESSING & SHIPPING â™¥â–¹Shipping (re-shipment fee) must be purchased for packages returned due to incorrect address to be mailed again.â–¹ You will be emailed with shipping confirmation and tracking once your order ships.âœ§ PROCESSING âœ§â€¢ Times vary by design style.â€¢ Please message us for accurate turnaround on a specific item.âœ§ SHIPPING âœ§â€¢ Times are typically between 2-10 business days:â€¢ Shipping times are ESTIMATES ONLY; actual delivery time can be faster or may be delayed.â€¢ Holidays, natural disasters, and other special circumstances can delay delivery.â€¢ We are not responsible for shipping delays, and do not guarantee any specific delivery date.â™¥ CARE INSTRUCTIONS â™¥â–¹ See package insert for all care instruction.â™¥ DISCLAIMER â™¥â–¹ Verify all information including spelling and address before ordering.â–¹ Due to the nature of our items, we are unable to accept returns, exchanges.â–¹ Cancellations and changes can not be made to orders once purchased due to fast processing times.â–¹ Colors can vary from screen monitors to physical products.â–¹ For any Rush Order, we must be messaged for accommodation and purchase Rush Upgrade BEFORE ordering.â–¹ We are not liable for delays due to missing information, shipping delays, or any deadlines.â–¹ Read shop ""POLICIES"" for more information.â™¥â™¥ Any other question or concern, please message us directly! â™¥â™¥","ad vertisement by EverlyGrayce
Ad from shop EverlyGrayce
EverlyGrayce
From shop EverlyGrayce",Handmade
2,"Hooded Wool Cape Coat, Autumn Winter Wool Cloak Coat, Oversized Cape Coat, Plus size wool cape, Blue Wool Poncho Cape Jacket, Xiaolizi 0391",Star Seller,"15,699 reviews",5 out of 5 stars,"You will be warm in this winter with this hooded cape coat from Xiaolizi. This winter wool cape Shows in dark blue color, the extra large covered buttons add understated detail and the warm hood will guard you from the harsh winter wind. The mid-thigh length keeps this cape from being too dramatic or heavy. It will be the perfect addition to your winter wardrobe. And the women cape not only suit winter, but also you can wear it in early spring and late autumn.FEATURES* 30% wool blend, 50% fiber, 20%nylon* fully satiny lining, more nice to the touch body* Hooded neckline* Double Breasted, fabric button detail* Two seam big pockets, big enough slide your whole hands in it* Plus size cape, oversized cape* Perfect for Autumn winter* Dry clean* Lean More about the items From the FAQs on the page bottom* Cape Length about 31.5""Custom order Optional, Contact us pay the custom fees* Need other color* Can't find your size in our size Chart* Chang the Length* Your Height is not Between 5'1"" - 5""9""* Your weight is not Between 47 kg-75 kg* MODEL SIZEBust:85 cm(33.4"")Waist:67 cm(26.7"")Height 5'5"" (165cm)Usual size XSSIZE GUIDESize vary between Brand and CountryPlease get your body measurement with our Size GuideAnd Find your size in our Size ChartSIZE CHARThttps://www.etsy.com/listing/736813677/This Video of how to get the right measurementhttp://etsy.me/2BR0qALInformation I need if you need helpNormal sizeWaistHipHeightWeightPhone numberXiaolizi --- Made-to-measure garments made by a family of generations of trained seamstresses","Materials: wool cape, fabric buttons, fully satiny lining",Handmade
3,"Wool Coat, Black Coat, Swing Coat, Long Coat, Long Coat Dress, Winter Coat Women, Princess Coat, Fall Coat Women, Coat With Pockets C1019",Star Seller,"5,478 reviews",4.5 out of 5 stars,"It is a princess coat in black color. Black has always been the most classic and mysterious color. Having a black wool coat is essential for women. In the snowy winter, this long wool coat will make you look attractive to everyone.The  winter wool coat is a Unique design  and will let you shine wherever you go, perfect for every occasion. More Color: https://etsy.me/3Ru9AKvâ˜…â˜… FEATURES50% wool blend, 50% fiber, nylonPolyester liningTwo side pocketsDouble breasted wool coatNotched collar wool coatLong sleeve wool coatFit and flare wool coatRegular fit wool coatMid calf wool coatPerfect for winter, autumnâ˜…â˜…Mode sizeHeight 172 cm (5â€² 8â€³) Bust 84 cm (33"") Waist 66 cm (26"") She wears size US 2â˜…â˜…Bespoke Order ServiceIf youRequest other colorRequest the lengthYour height is not between 155 cm- 175 cmYour weight is not between 47 kg -77 kgI can do it for you, It will need some extra fee depending on on your need. Contact with me for more detail.â˜…â˜… Get your size in Size Chart with your body measurementhttps://www.etsy.com/listing/794055682â˜…â˜… Warmly Note:1 ) : Please confirm your shipping address! If you wish to ship the item to a different address, please send me a message immediately after purchase. We can't change it after shipping, thank you for your understanding.2 ) : Due to individual monitor settings and different batches of material, we cannot guarantee that the color you see on your screen is the 100% exact color of the product.3) : This size information is just for reference only,and allow 2-3 cm differences due to Handmade.â˜…â˜…â˜… Finally, thank you very much for visiting my store, you can collect my stores and goods.","Materials: wool coat, polyester lining, black plastic buttons",Handmade
4,Vintage Black Overdye Classic Chore Jacket | Unisex Square Three Pocket Cotton French Workwear Style Utility Work Coat Blazer XS S M L,Star Seller,"7,294 reviews",5 out of 5 stars,"Vintage Overdye Black Blazer Chore Coat with three front pockets and three white button closure. Lightweight cotton good for transitional weather.Material: 7.5 oz CottonMade in USA in the 50s/60s. Garment Dyed in Los Angeles 2019. The dye is Non Toxic, Lead Free, Low impact and Low Energy. Water run off goes through a 3 step cleaning process before leaving the dye facility.Condition: TWO OPTIONS A) Excellent. May have tiny pin holes that are consistent with the age. OR B) Imperfect with more holes or wear. Price reflects.X-SMALLShoulders: 14"" | Chest: 17-18"" | Length: 26"" | Sleeve: 21"" Link Here:https://www.etsy.com/listing/934281482/SMALLShoulders: 16"" | Chest: 19-20"" | Length: 27"" | Sleeve: 22""MEDIUMShoulders: 17"" | Chest: 21-22"" | Length: 27"" | Sleeve : 22.5""LARGEShoulders: 19"" | Chest: 23-24"" | Length: 27"" | Sleeve: 22.5""X LARGE Shoulders: 20"" | Chest: 25"" | Length: 27"" | Sleeve: 23""Hanna is 5'3"". She is wearing a Medium 22"" Chest in the photo.SHOPhttp://www.rawsonstudio.etsy.comFOLLOW US+ instagram | @_rawson+ website | www.shoprawson.com+ pinterest | rawson*Please see shop policies for exchange information**Please inquire about wholesale if interested in larger quantities.",Materials: cotton,Vintage from the 1950s
5,Rising Sun Jacket | Navy Blue Quilted 70s style Bomber Jacket | lightweight ski jacket as seen on @classicrockcouture,"29,580 sales","7,355 reviews",5 out of 5 stars,"Inspired by the Arizona desert sunset and 70s ski attire, this satin quilted bomber jacket is one of our biggest -- and first! -- feats yet in fashion design. In our years of hunting vintage, we have undyingly dreamed of finding a jacket like this on a thrift store rack or at an estate sale, with no avail. So we took matters into our own hands by crafting this gem from scratch, with all the most desirable qualities -- from the lightweight quilted texture all the way down to the 60s style metal YKK circle zipper.If you are looking for the bomber jacket Dex Parios (Cobie Smulders) is wearing in the ABC show â€œStumptown,â€ then yes, tou have found it! This is THE original and authentic jacket featured on the show!We spent hours on end examining hundreds of color shades and combinations to come up with this perfect mix of navy blue, burnt orange, harvest gold, and champagne... with a magical pop of hot pink piping that we've dreamed about but never actually seen on a piece of clothing. The fit of this jacket is inspired by some of our favorite 70s vintage bomber, motorcycle and hunting jackets. We took our favorite elements of each to come up with this cropped style that's stylishly tailored yet offers enough comfort and movement to make this jacket perfect for everyday wear throughout the seasons. Pair it with shorts and a tank on a breezy summer night, or later over a sweater or hoodie in the winter.We guarantee there's nobody else out there selling a jacket like this, because we've been searching for years. For yourself and us both, we think this jacket is proof that dreams can come true.Measurements taken lying flat:Size XSArmpit to armpit: 18.5""Shoulder to shoulder: 13.25`""Arm length (from shoulder): 23""Shoulder to bottom hem (measured in front): 20.5""Bicep (half): 6.25â€Waist: 14""Size SmallArmpit to armpit: 19""Shoulder to shoulder: 14.25""Arm length (from shoulder): 24.25""Shoulder to bottom hem (measured in front): 21.5""Bicep (half): 7â€Waist: 14.75""Size MediumArmpit to armpit: 20""Shoulder to shoulder: 16""Arm length (from shoulder): 25.25""Shoulder to bottom hem (measured in front): 22.5""Bicep (half): 7.5â€Waist: 16.5""Size LargeArmpit to armpit: 22.5""Shoulder to shoulder: 17.5""Arm length (from shoulder): 26""Shoulder to bottom hem (measured in front): 24.5""Bicep (half): 8â€Waist: 19""Size XLArmpit to armpit: 23.75""Shoulder to shoulder: 19.75""Arm length (from shoulder): 27.75""Shoulder to bottom hem (measured in front): 28.25""Bicep: 8.75""Waist: 21.25""Size XXLArmpit to armpit: 24.5""Shoulder to shoulder: 20.5""Arm length (from shoulder): 28""Shoulder to bottom hem (measured in front): 28.75""Bicep: 9""Waist: 22""Size XXXLArmpit to armpit: 26.5""Shoulder to shoulder: 21.5""Arm length (from shoulder): 30""Shoulder to bottom hem (measured in front): 31.5""Bicep: 9.75""Waist: 22.5â€","ad vertisement by ClassicRockCouture
Ad vertisement from shop ClassicRockCouture
ClassicRockCouture
From shop ClassicRockCouture",Handmade
6,"Maxi Hooded Wool Coat Cloak, 100% Cashmere, Maxi Cashmere Cape, Hooded Cape, Wool Hooded Cloak In Green,Black, Grey | Linennaive","33,489 sales","7,554 reviews",4.5 out of 5 stars,"maxi wool cape in winter.100% CASHMERE WOOL!! You can hardly find such high end material in this marketplace. ($800-1000 in high end brand)fully lined. skin friendlymilitary style button panelflattering dress bottomoversized hoodstrong sense of presence~~ã€Fabricã€‘1)THE MOST DURABLEWe use only the longest fibers, averaging 39-42mm long. That's about 30% longer than regular Grade A cashmere. The longer the fiber, the longer your clothes lasts.2) 100% CLEAN ENERGYClean energy powered production. facilities, livable wages, programs for healthier goats and more sustainable grazing practices. Oh, and we never use harsh chemicals or bleaches (gross).3)  FAIR TO NOMADIC HERDERSWe pay the nomadic herders 50% more than traditional traders. We make everything ourselves (no middlemen). You pay 50% less. Fair to them, fair to us, fair to you. It's that simple.~~ã€Color Choiceã€‘Black-100% Cashmere wool, From ItalyRed - 100% Cashmere wool, From ItalyGreen_-100% Cashmere wool, From ItalyPink_-100% Cashmere wool, From ItalyBlue_-100% Cashmere wool, From ItalyGray_-100% Cashmere wool, From ItalyMulberry-100% Cashmere wool, From AustraliaLining:Yes, fully lined Same lining color with the cashmere. 20% cotton+ 80% polyster~~ã€Design inspirationã€‘~~This design belongs to our ""Moments Like This"" series.What will you take you back to those sweet moment? We discussed it warmly when we planned to make something special enough for the coming Christmas and chilly winter.serious 1950s? traitorous 60s? or colorful 80s?There was a time we immersed in the tranquility and memories.This hooded cape, was inspired from the Andersen's Fairy Tales.A recall of yesterday's dream~ Length:125 cm Send length request in the note to seller when you place an order if you need length adjustmentâ€¢SIZE XS (US 0-2, UK 6-8, Italy 36-38, France 32-34)bust: fits bust around 32.5â€-33.5â€ / 81-85 cmwaist: fits waist around 25â€-26â€ / 63.5-66 cmhips: fits hips around 35â€-36â€ / 89-91 cmâ€¢SIZE S (US 4-6, UK 10-12, Italy 40-42, France 36-38)bust: fits bust around 34.5â€-35.5â€ / 87-90 cmwaist: fits waist around 27â€-28â€ / 68.9-71 cmhips: fits hips around 37â€-38â€ / 94-97 cmâ€¢SIZE M (US 8-10, UK 14-16, Italy 44-46, France 40-42)bust: fits bust around 36.5â€-37.5â€ / 92.7-95 cmwaist: fits waist around 29â€-30â€ / 74-76 cmhips: fits hips around 39â€-40â€ / 99-102 cmâ€¢SIZE L (US 12-14, UK 18-20, Italy 48-50, France 44-46)bust: fits bust around 39â€-40.5â€ / 99-103 cmwaist: fits waist around 31.5â€-33â€ / 80-84 cmhips: fits hips around 41.5â€-43â€ / 105-109 cmSIZE XLbust: around 43.5â€/ 110cmWaist: around 36â€/ 91cmHips: hips around 46â€/ 117cm SIZE XXLbust : around 45 1/2 "" / 116 cmwaist : around 38"" / 97 cmhips : around 48 1/2 "" / 123 cm","Materials: wool, cashmere, gray, green",Handmade
7,Camo Jacket Vintage Army Jacket Reclaimed Military Button Down Shirt Jacket ALL SIZES,Star Seller,"5,415 reviews",5 out of 5 stars,"Vintage Army Camo jacket. Reclaimed dark wash military jacket. Slouchy, loose long fit. ADD CUSTOM NAME PATCH HERE â†’ https://www.etsy.com/listing/554253439/custom-your-name-embroidered-patchButton front, duel adjustable buttons at the sleeves. THESE RUN BIG(loose fit and long)! These are Deadstock Vintage, meaning they are vintage over 30 years old but never worn. These are no longer manufactured and we have a limited supply.All patches will come sewn on if you order it with a jacket.If you order ""with patches,"" this will only include the shoulder patches.UPPER ARM PATCHES MEANING: If you choose to add an arm patch(es), they will be random and are authentic US ARMY infantry patches, these versions are now obsolete because the US Army phased out this jacket in the late 90s in favor of the digital pattern. With a slouchy-silhouette and you can choose with or without a shoulder patch, the name is extra. Cool girl, tomboy comfortable style. If you want your name added to your jacket, click link above. All jackets have a little slit in the right pocket to put your sunglasses or pens in.Makes a great personalized gift! You will automatically receive a DARK WASH as seen in my photos.You can request a vintage faded wash(which may contain small natural flaws). We ONLY have xs,sm.md. In faded wash!These run large and come pressed, they will soften after the first washing.[ MEASUREMENTS ]EXTRA SMALL-EXTRA SHORT/ (XXS Men's/ XS Women's)Length: 26â€Sleeves: 22â€Shoulder to shoulder: 16â€Bust: 38""Waist: 36""EXTRA SMALL (XS Men's / Small Women's)Length: 26.5â€Sleeves: 23.5""Shoulder to shoulder: 17â€Bust: 40""Waist: 38""SMALL (small Men's / Medium Women's)Length: 27""Sleeves: 24""Shoulder to shoulder: 18""Bust: 44""Waist: 40""MEDIUM (medium Men's / Large Women's)Length: 26""Sleeves: 24""Shoulder to shoulder: 19""Bust: up to 46""Waist: up to 43""LARGE (large Men's / XL Women's)Length: 27""Sleeves: 24""Shoulder to shoulder: 20""Bust: 48""Waist: 48""EXTRA LARGE- LONG LENGTH (XL Men's / XXL Women's) limited supply so they are $5. moreLength: 34""Sleeves: 27""Shoulder to shoulder: 21""Bust: 50""Waist: 48""*MATERIAL: canvas cotton 50% cotton 50% nylonColor: olive, tan, brown campCondition: good vintage, mid to dark wash, no flawsIf you order ""with patches,"" this will only include the shoulder patches. If you want your name embroidered on the front you will need to add the ""link above"" to your order and choose the color you prefer.We generally ship out a mid-darker wash(the listing images may seem a tad brighter due to monitors and lighting) If you need a light wash, please request it(May show natural wear.) We only have xs,sm., med. in faded wash.SHOULDER PATCHES MEANING: If you choose to add shoulder patch(es), they will be random and are authentic US ARMY infantry patches, these versions are now obsolete because the US Army phased out this camo pattern  in the late 2000s in favor of the digital pattern.Let's be Friends FiregypsyVintage [!at] Instagram.comPhotos #2 are by @olivianoelphotographyWe offer returns for size exchangeThese do not have a US Army patch, US Air Force, or US Marines patch on the front, the patches that come with the jacket are random and not the ones from the first image.These may not be worn to impersonate an active military personnel! Made to be worn for theatrical purposes. Thank you to all the men and women who have served.See policies for more information.","Materials: jacket, coat, military, camo, vintage, Army, 1990s, 1970s, vintage army jacket, military jacket, Camo jacket, Army jacket, All sizes",Vintage from the 1990s
8,Linen cardigan jacket SINTRA / in amber yellow / Short or Long washed oversized Linen cardigan/ Linen jacket,Star Seller,"41,930 reviews",5 out of 5 stars,"Made for many kinds of weather, this coat will keep you cozy and oh-so-chic...INFO:â€¢ Comes as onesize but 2 different lengths.â€¢ Washed, soft, long linen cardigan with dropped shoulder seams and patch pockets at both sides of hip.++++++++++++++++++++DETAILS:â€¢ Made in Lithuania from medium weight (200 g) linen fabric. The fabric is supremely soft as the garment is prewashed to ensure no shrinkage in the future.â€¢ Made from OEKO - TEX Standard 100 certified European linen fabric which guarantees you that it meets human - ecological requirements.â€¢ Please note that actual colors may vary due to your computer resolution and monitor color restrictions.++++++++++++++++++++FIT:â€¢ This kimono-style cardigan comes in one size, and beautifully fits a variety of sizes from small to large. This listing is for the long version.++++++++++++++++++++IMAGES:1. Model is wearing size 2. Model is wearing size 3. Model is wearing size ++++++++++++++++++++SIZING CLOTH measurements:- bust: 31.1"" (79 cm)- armholes: 7.8"" (20 cm)- length of the kimono/cardigan:---- 25.1"" (64 cm) SHORT---- 34.2"" (87 cm) LONG++++++++++++++++++++Don't see your size? Send us a message and we may be able to custom make something for your unique size and shape! Donata is happy to help and will take excellent care of you.++++++++++++++++++++TAKING CARE:â€¢ Machine wash in cold water on a gentle cycle.â€¢ Dry on low heat or hang to dry for best results. â€¢ We invite you to embrace linenâ€™s natural wrinkles. We do not suggest that you iron your garment, but if this is your preference, we recommend ironing it inside-out on a medium-high setting. Garments may also be steamed on a moderate setting. ++++++++++++++++++++WE CRAFT:www.notperfectlinen.com","Materials: linen, Lithuanian linen",Handmade
9,"monogrammed fleece jacket, full zip jacket, ladies jacket, gifts for her, monogrammed coat, personalized jacket","172,544 sales","27,333 reviews",5 out of 5 stars,"monogrammed fleece jacket***ladies fit***at checkout in the notes to seller please list**** initials in first LAST middle order****please choose from our font chart samples can be found in the photos**** list font type*******thread color***love this jacket check out the matching vest see listing below https://www.etsy.com/listing/462562968/monogrammed-vest-monogrammed-fleece-vest?ref=shop_home_active_2This exceptionally soft, midweight fleece jacket will keep you warm during everyday excursionsâ€¢ 13.8-ounce, 100% polyesterâ€¢ Twill-taped neckâ€¢ Reverse coil zipperâ€¢Chin guardâ€¢ Bungee cord zipper pullsâ€¢ Front zippered pocketsâ€¢ Open cuffsXS S M L XL XXL 3XL 4XL Size 2 4/6 8/10 12/14 16/18 20/22 24/26 28/30 Bust 32-34 35-36 37-38 39-41 42-44 45-47 48-51 52-55","ad vertisement by southernmysass
Ad from shop southernmysass
southernmysass
From shop southernmysass",Handmade
10,"Woman Asymmetrical black jacket, fitted black jacket, minimalist ladies jacket, asymmetric jacket, ladies clothes, ladies jacket","1,198 sales",384 shop reviews,5 out of 5 stars,"This elegant  jacket, made of beautiful wool  is perfect for any special day in your life and to your officeFabric - wool ( 80% wool, 20% polyamide)Available in-black, navy, red, cobaltFully lined with bemberg ( natural fibre)Fermeture 3 goldish buttonsMade to order in my Atelier in France.Please check your measurements on the last photoModel is 5'6 ft tall.","Materials: wool, bemberg",Handmade
11,"Personalized Name Vet Fleece Jacket with Paw, Monogram Veterinarian Gift Full Zip Scrub Jacket, Monogram Paw Stethoscope, Animal Lover Rehab","51,797 sales","10,884 reviews",5 out of 5 stars,"Welcome to LuLu Bleu!!! This full zip fleece jacket is perfect for Veterinarians , Vet Techs or animal lovers! Its a flattering womens fit, high quality material, durable, comfortable, and professional! If a RUSH order is needed, please be sure to contact PRIOR to ordering so I can confirm that we can ship it out in time! Additional shipping may be required for Rush Orders.Please include in the message box at checkout:1. Name2. Your thread colors for the 1. stethoscope and 2. name3. Font choiceBlackCarolina BlueCharcoalGray HeatherLilacNavyPinkRedWinter WhiteFAQâ€™s:1.	Where do I put my monogram information? Your monogram, font choice and thread color details all go in the message box at checkout! Please ensure you give your monogram in the order you wish it to be embroidered on your item. 2.	When will  my item ship out? My orders take two weeks to ship out and 2-4 business days from there to get to you. 3.	Can I rush my order? Yes. Please message me before you order letting me know when you need the item and I will try to accommodate this if possible. Most rush orders do cost extra. 4.	What size should I order? Please reference the size chart below for help with this. Also be sure to read the listing about how the item fits. 5.	Do you offer refunds? No. We do not offer refunds unless your item is defective or a mistake was made. If this has occurred we will be happy to replace or refund your order.POLICY ON FONT CHOICES: if you do not leave your font choice for us we will use the font that is shown in the example photo of the listing you purcahsed from.","ad vertisement by LuLuBleuBoutique
Ad from shop LuLuBleuBoutique
LuLuBleuBoutique
From shop LuLuBleuBoutique",Handmade
12,"Womens Wool Coat, Womens Winter Coat, Gray Coat, High Collar Coat, Fall Winter Clothing, Wrap Coat, Plus Size Coat, Warm Coat, Women Coat","5,418 sales","1,756 shop reviews",5 out of 5 stars,"Winter Coat, Wool Coat, Gray Coatâœ¥ Welcome to my world! I create my design in my dreams and I draw geometric lines and extravagant patterns with scissors, needles and thread. Be my dream catcher and let me create for you a parallel fashion world!âœ¥ SHIPPINGExpress shipping: 2-3 biz days via DHL Worldwideâœ¥ SIZINGThe model in the picture wears size M. Height: 5'9"" and weigh 60 kg.Available sizes: XS - 3XLPlease, refer to my Size Chart below to find your perfect size match! Keep in mind that each height can be adjusted to yours! **** Iâ€™ll be happy to make the item per your body measurements - just leave your height, bust, waist, and hips in  ""NOTE TO SELLER "" section during checkout!***âœ¥ MATERIALS & CARE100% Wool, Lining - 100% PolyesterHand or machine wash in 30C water or Dry Cleaningâœ¥ Want to see more of my coats? Come here: https://etsy.me/317bgREThank you for choosing my designs and for visiting my shop!Doroteyya**SIZE CHART**SIZE XS (US 0-2, UK 6-8, Italian 36-38, French 32-34)bust: fits bust around 32.5â€-33.5â€/81-85cmWaist: fits waist around 25â€-26â€/63.5-66cmHips: fits hips around 35â€-36â€/89-91cmApprox. height: 5'3"" / 160 cmSIZE S (US S 4-6, UK 10-12, Italian 40-42, French 36-38)bust: fits bust around 34.5â€-35.5â€/87-90cmWaist: fits waist around 27â€-28â€/68.9-71cmHips: fits hips around 37â€-38â€/94-97cmApprox. height: 5'4"" / 165 cmSIZE M (US S 8-10, UK 14-16, Italian 44-46, French 40-42)bust: fits bust around 36.5â€-37.5â€/92.7-95cmWaist: fits waist around 29â€-30â€/74-76cmHips: fits hips around 39â€-40â€/99-102cmApprox. height: 5'4Â¾"" / 167 cmSIZE L (US S 12-14, UK 18-20, Italian 48-50, French 44-46)bust: fits bust around 39â€-40.5â€/99-103cmWaist: fits waist around 31.5â€-33â€/80-84cmHips: fits hips around 41.5â€-43â€/105-109cmApprox. height: 5'6"" / 169 cmSIZE XL (US S 16-18, UK 22-24, Italian 52-54, French 48-50)bust: fits bust around 43.5â€/ 110cmWaist: fits waist around 36â€/ 91cmHips: fits hips around 46â€/ 117cmApprox. height: 5'7"" / 169-175 cmSIZE XXL (US 20 -22, UK 26-28, Italian 56-58, French 52-54)Bust : around 45.5 "" / 116 cmWaist : around 38"" / 97 cmHips : around 48.5 "" / 123 cmAprox. height : 5'8"" / 172-178 cmSIZE 3XL (US 24 -26, UK 30-32, Italian 60-62, French 56-58)Bust : around 47.5 "" / 122 cmWaist : around 40"" / 103 cmHips : around 50.5"" / 129 cmAprox. height : 5'9"" / 178-184 cm","Materials: Wool, Polyester",Handmade
13,Personalized Ladies OR Unisex (Men's) Nurse/Doctor Heart Stethoscope Full-Zip Value Fleece Jacket/Nurse Gift/Nurse Appreciation/RN/LPN,"45,164 sales","8,298 reviews",5 out of 5 stars,"*LADIES SIZES ARE FITTED. IF LAYERING OR IN BETWEEN SIZES, WE RECOMMEND ORDERING A SIZE UP.**PINK BLOSSOM AND WINTER WHITE ARE NOT AVAILABLE IN UNISEX(MENS) SIZES.*Sizes: Ladies XS-4XL and Unisex XS-6XL Key Features: This exceptionally soft, midweight fleece jacket will keep you warm during everyday excursions, and it's offered at an unbeatable price.13.8-ounce, 100% polyesterTwill-taped neckReverse coil zipperChin guardBungee cord zipper pullsFront zippered pocketsOpen cuffs Copy & Paste to the message box at checkout!1. Name2. Credential to be embroidered3. Font Style4. Font color5. Stethoscope Color6. NEED BY DATE","Materials: polyester embroidery thread, Thread, White, Long sleeve, cotton, gift, cotton polyester fleece, Pouch Pocket, Black, Stripes, Navy Fleece, Contrast sport stripes, Personalized",Handmade
14,Coat for Women Loose Punk Jacket Steampunk Coat Tc03 Oversized Unisex Coat Gothic Coat Women Clothing Womens Cape Hood Jacket Fall Clothing,"23,870 sales","6,790 reviews",5 out of 5 stars,"Coat for women with thumbsnail sleeves and extralarge hood. No lining.Light wool blend  fabric.Autumn loose punk jacket that is so extravagant and unique.Font zip closure. Comfortable and always in Style!Material: 30%wool, 70% polyesterCare instructions:  Wash at 30 degrees.The model in the picture is size S. Can be made in ALL SIZES. If you have any other specific requirements, do not hesitate to contact me! I DO NOT CHARGE EXTRA MONEY for custom made items. All you need to do is send me your measurements. Below, you will find a table with size references. How to get an accurate measurement: â€¢ Chest: the circumference, measure the fullest part of your chest ( bra included ) ( cm / inches )â€¢ Waist: the natural waistline, above your belly button , below the rib ( cm / inches )â€¢ Hips: the largest part of your hips ( cm / inches )â€¢ Shoulder to shoulder measurement: can be done by measuring the distance between the outer shoulder seam (where the sleeves connect) on a fitted, non-stretchy shirt. This does not include the outer side of the sleeves. ( cm / inches )â€¢ Upper arm: the widest part of your upper arm ( cm / inches )â€¢ Arm length: from the shoulder tip to your wrist ( cm / inches )Moreover, please let me know your: â€¢ Total height ( cm / inches ) â€¢ Desired length of the item : measure from your clavicle or try putting your chin on your chest ( cm / inches )â€¢ The size you wear in your country Available in any size and length according to customer demands.XS,S,M,L,XL,XXL,3XLMeasures in cm / inchesXS bust  80 cm / 31.5 inwaist  60 cm / 23.6 in hips  86 cm / 33.8 inS   bust   86 cm / 33.8 in waist   68 cm / 26.7 in  hips   92 cm / 36.2 inMbust   95 cm / 37.4 inwaist   76 cm / 29.9 inhips   101 cm / 39.7 inLbust   105 cm / 41.3 inwaist   88 cm / 34.6 inhips   114 cm / 44.8 inXLbust   116 cm / 45.6 inwaist   98 cm / 38.5 inhips   123 cm / 48.4 inXXLbust   125 cm / 49.2 inwaist   108 cm / 42.5 in  hips   133 cm / 52.36 in  3XLbust 131 cm / 51.5 inwaist 114 cm / 44.8 inhips 139 cm / 54.7 inFor 4XL or bigger sizes please contact me.Coat for Women Loose Punk Jacket Steampunk Coat Tc03 Oversized Unisex Coat Gothic Coat Women Clothing Womens Cape Hood Jacket Fall Clothing",Materials: wool blend,Handmade
15,"Black and White Patchwork Jacket, Plus Size Black And White Jacket, Reversible Jacket, Plus Size Jacket, Black and White Oversized Jacket",533 sales,129 reviews,5 out of 5 stars,"BLACK & WHITE PATCHWORK JACKETA warm and cozy jacket with a wide, special and chicThe jacket is a reversible and can be worn on both sidesOne side is sewn from a combination of black and white knit fabrics in a patchwork styleThe other side is sewn from a worm black viscose jersey fabric.This jacket shirt is very flattering to various women and sizes.you can order this in a lot of sizes: 36-56 Euro / 6-26 USA / 8-28 UK / 10-30 AUSFor more fabulous jackets:https://www.etsy.com/il-en/shop/tamarziv?ref=hdr_shop_menu&section_id=13071326For more fabulous clothes:http://www.etsy.com/shop/tamarziv?ref=si_shopFabric:  Mix winter fabrics: Viscose jersey, polyester, lycra, Wool, AcrylicWASH and CARE:Machine wash inside-out at 30 degrees (30Â°C / 86Â°F max)Do not tumble dry.Do not use bleach.Iron at high heat.You can choose between two shipping delivery:Echo-Post - fast Registered air mail, it will take to arrive between 7-10 business days from the shipment day. Or EMS - Express Mail Service, it will take to arrive between 2-3  business days from the shipment day.","Materials: lycra, Wool, Acrylic, Viscose jersey, polyester",Handmade
16,"Pullover Windbreaker Jacket Monogram, Monogrammed Jacket, Monogram Windbreaker, Monogram Pullover, Charles River Jacket",Star Seller,"6,702 reviews",5 out of 5 stars,"Pullover Windbreaker Jacket Monogram, Monogrammed Jacket, Monogram Windbreaker, Monogram Pullover, Charles River JacketFully lined pull over wind breaker with monogram - Wind & water resistant this Charles River wind breaker is available in 10 colors. Your wind breaker will be monogrammed on the left chest in the thread color of your choice. This beautiful fully lined jacket runs big because it fits men and women. Read the description before ordering. We love this jacket! â–ºABOUT MONOGRAMMED PULLOVER WINDBREAKER JACKET-Wind & water-resistant RiverTecâ„¢ Nylon -100% cotton flannel lining -Conveniently packs into its front pouch pocket for storage. -Extended zipper above neck offers extra protection against wind-Front pockets-elasticized cuffs -open hem with shock cord drawstring-left chest logo is standard-hood monogram is an optional upgrade and will read correctly when laying flat on your backâ–ºORDERING INSTRUCTIONSView photos to see jacket color, size, thread color and font style charts. Monogram it will be on the left chest as shown. --ORDERING INSTRUCTIONS THAT WE NEED--1) Monogram thread color:2) Monogram Font style#:3) Monogram or name *exactly* as it will appear:We do not rearrange monograms, give us the monogram exactly as it will be embroideredâ–ºMONOGRAMSWe embroider monograms exactly as they are given to us.  A monogram with a taller letter in the center is in the order first LAST middle. Monograms with all letters the same height (like #12 and #26) are in the order first middle last. Give us the person's name if you need help. â–ºSIZINGThis is a unisex jacket and is larger on women. See size chart in photos for the dimensions. Double the ""width"" to get the full chest circumference of the jacket. If you have questions, please let us know before ordering. This jacket usually runs big on women. â–ºFONT STYLESSee photo for sample chart or go to this link to view the entire alphabet in any lettering font style  http://www.prettypersonalgifts.com/embroideringfonts.html â–ºTHREAD COLORSSee thread color chart in photos or visit this link http://www.prettypersonalgifts.com/colorchart.html â–ºSEE MORE PERSONALIZED GIFTS & MONOGRAMMED JACKETSvisit our Etsy shop to see more of our personalized gifts http://www.etsy.com/shop/PrettyPersonalGiftsvisit this link for more pull over windbreaker jackets https://www.etsy.com/shop/PrettyPersonalGifts?section_id=18877650â–ºABOUT USPretty Personal Gifts is a family owned monogram shop specializing in personalized gifts and monograms for over 20 years.","Materials: Charles River Classic Jacket, nylon, pullover jacket, embroidered monogram",Handmade
17,"Monogram Raincoat,  Personalized Jacket, Ladies Coat",Star Seller,"5,563 reviews",5 out of 5 stars,"Monogram Rain coat -  Personalized Rain JacketThis Lightweight Jacket is a must have for the office to the sports activities Great for Active ware. Water-resistant shell, with a breathable mesh liner. Perfect for all seasons.  Several Colors to choose from.This listing is for One (1) Polyester Jacket your choice of color and One (1) Monogram or (1) Single letter or (1) Name.These are fitted so if you want a little extra room order up in size.Size chart and material Scroll to the right on the listing picture.I ship most all rain jackets Priority 2/3 day shippingIn the personalization box you will put monogram in the proper order to be stitched. First, Last, Middle  order. CAPS please2. Thread Color3. Font StyleMonogram on listing picture is enlarged to show detail. Most monograms are standard 4â€ and less pending font style chosen.*****Please read before placing your order:Orders are shipped within 1-2 weeks, not including major holidays. Please don't forget to let us know when you need your item by, we are willing to accommodate and if you require rush shipment it will come at additional cost.IMPORTANT INFORMATION-We do not refund personalized or custom orders. Please confirm your order before placing and ensure that everything is spelled correctly. We do not use any trademarked fabric. (Including but not limited to- college teams and logos, professional sports teams and logos, movie and tv show characters, or trademarked logos of any kind.)Use #moomsieandme on your favorite social media sites to show off your purchase!As always, thank you for your business & for shopping local.Moomsie&Me, -Sandra","ad vertisement by moomsieandme
Ad vertisement from shop moomsieandme
moomsieandme
From shop moomsieandme",Handmade
18,"Boho Kimono, Tangled Up In Blue, Bohemian Kimono with Floral Patterns, Cover-up, beachwear, bohemian, summer, kimono, bridal, bridesmaids","19,590 sales","3,454 reviews",5 out of 5 stars,"**Canadian buyers : Taxes included in the price ** â™¦TANGLED UP IN BLUEâ™¦Beat the blues with our latest creation, crafted from a comfy, cotton-soft fabric to keep you wrapped in coziness. Cool, chic and stylish, the Tangled Up in Blue Bohemian Kimono is all you need to add a spark to your everyday looks. Team it up with any casual outfit to infuse an instant splash of elegance, or slip into it after an intense swimming session at the pool. Thanks to its classic design, you can style it in multiple ways. So get yourself this sheer piece of art, and upgrade your spring/summer wardrobe today! DESCRIPTIONLong bohemian kimono with floral pattern and navy tassels. DETAILS100% semi-sheer acrylicColor may vary slightly from the picturesSIZEOne size fits all43"" Long (at it's longest - on the sides)34"" Long (in the back)40"" Width10"" Arm openings*I strongly recommend checking the measurements before purchasingCAREHand wash in cold waterHang to dryPACKAGINGThe environment is really important to us, so we use eco-friendly packaging materials. Our packaging is made from recycled and post-consomption paper and it is recyclable, biodegradable and compostable. Please reuse, recycle or compost.GIFTPlease put your personalized gift note in your cart at your purchase.MY SHOPÂ»Â»----------->For more bohemian kimonos https://www.etsy.com/shop/northboheme/CLICK HERE TO GET 10% OFF YOUR NEXT PURCHASEhttps://bit.ly/signup10off",Materials: acrylic,Handmade
19,Custom Painted jacket,"4,928 sales","1,309 shop reviews",5 out of 5 stars,So this is how this works : Customize your OWN jacket! We've all had that one jacket that fits like no other. No other jacket comes close. It's the holy grail. And it's really hard to find one just like it. So - that's why this rules. Forget trying to find a new jacket to customize - let's customize your FAVE one ever.-You are responsible for shipping me your jacket. Bananna Bones is responsible for sending it back ! Whether it's your dads old vintage bomber or a leather jacket that you have that needs some sprucing up! -This is the fun part ! I can literally do whatever you want. Whatever saying. Whatever doodle. It's all you! You can be as specific as you want or just let me have at it. Sketches and preliminary drawings can be made upon request. -Please send all info for orders in a private message to the shop to get it started. Need to negotiate? Wanna drop off and pick up in the nj/NYC area. ***All sales are FINAL. There are no returns ( I mean... You can't really return your.. Own.. Jacket! ) ****(((( photos above are example of custom work)))))Images by http://danielaspector.com,"Materials: custom jacket, leather jacket",Handmade
20,Nurse Heart Stethoscope Custom Monogrammed Full-Zip Fleece Jacket,"1,160 sales",295 reviews,5 out of 5 stars,"***IMPORTANT ANNOUNCEMENT***Due to supplier issues caused by COVID-19, my jacket color/sizes are limited at this time.  Please send me a message prior to ordering to verify that your color/size is available.This exceptionally soft, mid-weight fleece jacket will keep you warm in the hospital, office, or during everyday excursions. Add your monogram or initial in the heart, add your name and title below the heart, or mix it up. I'll be glad to work with you to create a special piece just for you.  Please add your name and choice of thread color in the comments to seller section, choices are listed below.Please put the following information on the notes to seller section at checkout. In order to expedite your order, please be specific in your requests.  Color for heart:Lettering inside heart (RN, LPN, etc... or monogram):Color for Lettering inside heart :Lettering underneath heart (Name, phrase, etc...):Color for lettering underneath heart:Font for monogram (if desired): If you would like the monogram in the center of the heart, please send the monogram in the following order.  First initial, Last initial, and Middle initial.  The first initial will be on the left, the last initial will be in the middle and larger than the others, the middle initial will be on the right.  For example, Jennifer Marie Smith would be listed as JSM.  You can also include the full name and I will put the initials in the correct order.  The monogram can be done in a circle monogram font or a vine monogram font as pictured above.  Please specify which font you would like.Jacket details:13.8-ounce, 100% polyesterGently contoured silhouetteTwill-taped neckReverse coil zipperChin guardBungee cord zipper pullsFront zippered pocketsInterior pocketsOpen cuffsOpen hem with drawcord and toggles for adjustabilityCARE INSTRUCTIONS-Machine wash cold. Gentle cycle with like colors. Non-chlorine bleach when needed. Tumble dry low. Remove promptly. Do not iron.This listing is for the IN STOCK COLORS of Black, Iron Grey, and True Navy. If you would like a jacket in one of the special order colors, please see this listing.https://www.etsy.com/listing/248198205/nurse-heart-stethoscope-custom?ref=shop_home_active_1Sizes are XS-2XL.  These jackets are a ladies fit style so they are slightly fitted through the body.XS - 2SM - 4/6MED - 8/10LG - 12/14XL - 16/182XL - 20/22Thread colors (see picture above, also check the Facebook page for examples of color combinations).  The Aqua Green was used in the gray jacket pictured above.  It is the most popular thread color choice!WhiteLight GrayDark GrayBlackRedOrangeYellowHot PinkLight PinkLavenderPurpleNavy BlueRoyal BlueLight BlueTurquoiseTeal GreenAqua GreenLime GreenKelly GreenAs this is a custom made order, please allow 2-3 weeks to ship your item. If you need your item sooner, please contact me before ordering and I will try to accommodate a rush order. A rush fee will apply.Item will ship via USPS Priority Mail with tracking and insurance.  Please double check your address that is on file with Etsy.  If a package is returned to be because of an incorrect address, you will be responsible for paying the additional shipping fee.All personalized items are non-refundable.  Please double check your name/monogram and color/size choices carefully!Thank you for visiting The Blue Owl Custom Embroidery! I look forward to creating something special just for you!  Please like my Facebook page to stay up to date on giveaways, specials, and the newest items.  www.facebook.com/BlueOwlEmbroidery",Materials: Fleece,Handmade
21,womens Clothing Vintage womens blazer M womens jacket military jacket military blazer gray blazer Ladies jacket  ladies blazer gray jacket,Star Seller,601 shop reviews,5 out of 5 stars,"womens Clothing Vintage womens blazer M  womens jacket military jacket military blazer black linen jacket  steampunk jacket  marching band jacket55 % Linen; 45%-viscosaheight of the woman in the photo - 180 cmPlease refer to photos for details of condition. Condition: good vintageMeasurements:Length: 53 cm/ 20.9 ""Sleeve : 64 cm/ 25.2""Shoulder to shoulder: 38 cm /15""Bust: 96 cm/ 37.8""Waist: 86 cm/ 33.8""Tag Size: UK 12 38noteThe color on the pictures may vary due to monitor settings and light reflections.We appreciate your patience.Thank you so much for looking at my works!Please do not hesitate to contact with me for any ques","Materials: Linen, viscosa",Vintage from the 1990s
22,FREE SHIPPING! Monogrammed Charles River Rain Jacket - Monogrammed Rain Coat - Monogrammed Rain Jacket - Monogrammed Jacket - Cyber Monday,"34,796 sales","5,977 reviews",5 out of 5 stars,"Look cute and stylish on any rainy day with this adorable monogramed Charles River rain jacket! This high quality jacket is designed to protect you against the wind and the rain!Jacket Features Include:â€¢	Wind & waterproof New Englander Polyurethane bonded to a woven backing to provide          additional fabric strength. â€¢	Lined with grey mesh for air-flow circulation and taffeta nylon in sleeves for easy on/off. â€¢	Hood & open hem with shockcord drawstrings. â€¢	Wind flap & heat-sealed seams throughout to seal out wind & rain. â€¢	Front vented capes for breathability.  â€¢	Reflective stripe accent on front & back. â€¢	2-way front zipper offers freedom of movement. â€¢	Features covered zippered side pockets, adjustable cuffs with hook & loop closure and A-line styling.In notes to the seller, please include:1) monogram in first/LAST/middle initials-if you could also provide the full name it would be very helpful to ensure initials are correct.2) Color Name (see 3rd picture)3) monogram style (see 4th picture)4) thread color (see 5th picture)IMPORTANT INFORMATION:On all orders please specify in the comments section the monogram style or name you would like added to the shirt. -----------------------------------------------------------------------------------------------------------------------------------Example:Monogram Style -InterlockingLeft - HCenter - WRight- M-----------------------------------------------------------------------------------------------------------------------------------Because we customize our items just for you, we unfortunately cannot do returns or exchanges.","ad vertisement by SweetwaterMonograms
Ad from shop SweetwaterMonograms
SweetwaterMonograms
From shop SweetwaterMonograms",Handmade
23,TV Color Bar Windbreaker Waterproof. Free shipping,"1,797 sales",286 reviews,5 out of 5 stars,"Free Shipping Worldwide.ESTIMATED DELIVERY TIMETo the USA, Canada, South America, Italy, France takes about 20-25 business days,To the UK and most European countries takes about 15-20 business days,To Australia and most country in Asia takes about 10-18 business daysMade from high-Quality grid waterproof nylon 100 %, Hand-cut fabric color bar, Zip through, Big drawstring hood.Wrist  - Elastic sew-in. Waist - Elastic black strap, Plastic stopper at the end adjustable.All body lining in polyester mesh fabric.APPROXIMATE MEASUREMENTS:""S size""Women: US 8, UK 12, EU 40Men: US 36 ,EU 46Shoulder width: 17 inchSleeve length: 23 inchLength: 24 inchBust: 40 inchHips: 42 inch""M size""Women: US 12, UK 16, EU 44Men: US 40 ,EU 50Shoulder width: 19 inchSleeve length: 26 inchLength: 26.5 inchBust: 45 inchHips: 48 inch""L size""Women: US 16, UK 20, EU 48Men: US 46 ,EU 56Shoulder width: 20.5 inchSleeve length: 27 inchLength: 29 inchBust: 50 inchHips: 53 inch","Materials: nylon fabric, polyester mesh fabric, elastic, plastic stopper, zipper",Handmade
24,"Hooded Wrap Cloak Black or Green, Witchy Cardigan Thumb Hole, Occult Clothing Dress Jacket, Fantasy Clothing, Dark Mori Witchcraft Robe",Star Seller,"16,795 reviews",5 out of 5 stars,"Brrr, it gets chilly on the broomstick! This is the second version of my wrap cloak dress ~ now with a hood, longer, AND reversible. An easy layering piece with witchy details, pointed hem and thumb holes, wicked bohemian flair, figure flattering & comfy.Each side has two long soft ties: one set for front and one for back. Identical set of ties on the inside so you can reverse it. The revealed seams emphasize the flattering lines and add a deconstructed punk feel. The hood is truly roomy and can accommodate large hairdos, drapes attractively. Smooth cotton and rayon with lycra for a subtle hint of slinky and enhanced drape. Wash in cold, line dry. Any wrinkles diminish with wear. ~ SIZE ~ Think in terms of height & general sizing as ties make a flexible fit. This batch is fairly roomy, the sizing is not running small. Raglan sleeve measurement is from armpit to cuff as well as from top of raglan seam to cuff. I am 5'9"" and I wear Medium or Large depending on what I am layering over. The 'max waist' measurement is just an estimate in case you want to be sure it overlaps in front. Chest and shoulders run roomy.Small = sleeve 21 - 26"", length of back 32"", maximum waist @ 34""Medium = sleeve 21.5 - 27"", length of back 34"". max waist @ 36""Large = sleeve 22 - 288"", length of back 35"", max waist @ 38""XL = sleeve 22 - 30"", length of back 37"", max waist @ 40""NEW - limited edition in natural khaki olive green for forest Witches.See the original no-hood version here while supplies last:www.etsy.com/listing/245110754/wrap-top-dress-witchy-halloween-cloak?ref=shop_home_active_8This would look great on a man or a women, bring it on Warlocks!See the hooded witchy dress:www.etsy.com/listing/467827226/witch-dress-black-hooded-lace-up-witchySee some delightfully dark jewelry to pair with your cloak:www.etsy.com/shop/TalismanaDesigns?ref=seller-platform-mcnav&section_id=14296529For a good time visit me on facebook: www.facebook.com/talismanadesignsor instagramBestow a like upon my page and make my day ; )I LOVE fast shipping and will usually ship within 24 hours of receiving your order : )~ See shop policies section for complete info, here's some pertinent bits:- Returns or exchanges - Please ship back within 14 days of receiving your item. It must be 100% unworn and in re-sellable condition. Please take care to make sure it's free from all pet hair.- Any item shipping free has a 10% re-stocking fee for returns. - International buyers are responsible for any duty charged by their country.- Etsy will automatically send you tracking info as soon as I print your shipping label, - If your package is delivered but missing from your mail please check with family, room mates, and neighbors, as well as your local post office or mail carrier. And do check the depths of the mailbox as a number of missing packages hide back there apparently. - recommended washing is cold water, gentle cycle, allow to air dry. Hand dyed items should be washed separately the first time.Thank you!",Materials: cotton and rayon with lycra,Handmade
25,Monogrammed Puffy Vest - Mother's Day Gift - Quilted Monogrammed Vest - Women's Preppy Monogram Puffy Vest - Monomgram Women's Vest,"57,238 sales","10,407 reviews",5 out of 5 stars,"Our monogrammed puffy vest is so adorable and will keep you in style and warm!  These women's fit monogrammed vest are great for layering over a shirt, sweatshirt or even a jacket. Throw on an infinity scarf and make this your go-to outfit for your fall and winter wardrobe! Our monogrammed quilted puffy vest would be a great gift for a friend and are the perfect gifts for your bridesmaids! â–¬â–¬â–¬â–¬â–¬â–¬â–¬â–¬â–¬â–¬â–¬â–¬â–¬â–¬â–¬â–¬â–¬â–¬â–¬â–¬â–¬â–¬â–¬â–¬â–¬â–¬â–¬â–¬â–¬---------- â–ºâ–ºâ–º ADDITIONAL INFORMATION â—„â—„â—„ ----------â–¬â–¬â–¬â–¬â–¬â–¬â–¬â–¬â–¬â–¬â–¬â–¬â–¬â–¬â–¬â–¬â–¬â–¬â–¬â–¬â–¬â–¬â–¬â–¬â–¬â–¬â–¬â–¬â–¬Here's more information on our monogrammed puffy vest:â€¢ 100% polyester shell, 100% polyester lining, 6-ounce polyfillâ€¢ Contoured silhouette for ladiesâ€¢ Zip-through cadet collarâ€¢ Reverse coil zipperâ€¢ Interior storm flapâ€¢ Interior zippered pocketâ€¢ Interior pocket with drawcord and toggleâ€¢ Front zippered pocketsâ€¢ Open hem with drawcord and toggles for adjustabilityVest Sizing:Small - 4-6Medium - 8-10Large - 12-14XL - 16-18Product Sizing:  These vest are specifically made for ladies so they do run true to size.  Unfortunately, due to the items being personalized these jackets are not returnable if they do not fit.â–¬â–¬â–¬â–¬â–¬â–¬â–¬â–¬â–¬â–¬â–¬â–¬â–¬â–¬â–¬â–¬â–¬â–¬â–¬â–¬â–¬â–¬â–¬â–¬â–¬â–¬â–¬â–¬â–¬â–¬â–¬â–¬â–¬â–¬â–¬â˜…â˜…â˜…PLEASE READ CAREFULLY BEFORE PLACING YOUR ORDER â˜…â˜…â˜…â–¬â–¬â–¬â–¬â–¬â–¬â–¬â–¬â–¬â–¬â–¬â–¬â–¬â–¬â–¬â–¬â–¬â–¬â–¬â–¬â–¬â–¬â–¬â–¬â–¬â–¬â–¬â–¬â–¬â–¬â–¬â–¬â–¬â–¬â–¬Traditional initial placement for monogramming is First name initial, LAST name initial, middle initial. PLEASE provide the monogramming instructions in the note to seller's box at checkout as follows:EXAMPLE:Monogram Style -Master CircleLeft - R (first name initial)Center - O (last name initial)Right- M (middle initial)Full Name: Renee Michelle OrrHOW YOU SEND US THE INITIALS IN THE NOTE TO SELLER'S BOX IS HOW THEY WILL BE STITCHED OUT ON YOUR VEST. To avoid any confusion, please send us the full name so the initials are stitched in the correct order!Since this monogrammed vest is personalized just for you, we can not offer a refund or exchange on this item if the incorrect size is purchased. Please make sure to check the size chart before you purchase.COMMUNICATION:We will communicate through the Etsy convo system. We strongly recommend including your phone number at checkout so we can call if there are any questions.Make sure to click the link below to view entire alphabets of our most popular fonts so you can make sure you love your selection!https://www.etsy.com/listing/449490442/most-popular-embroidey-fonts?ref=shop_home_active_1https://www.etsy.com/shop/fourbugsinarug/policy?ref=shopinfo_policies_leftnav","ad vertisement by fourbugsinarug
Ad vertisement from shop fourbugsinarug
fourbugsinarug
From shop fourbugsinarug",Handmade
26,"Jacket Womens, Hooded Jacket, Winter Jacket, Hoodie Jacket, Avant Garde, Plus Size Clothing, Oversized Jacket, Zipper Jacket, Bomber Jacket","6,129 sales","2,195 reviews",5 out of 5 stars,"Jacket Womens, Hooded Jacket, Winter Jacket***** FREE SHIPPING FOR SECOND ITEM *****This is Jen's best seller now in the new Fabric! (Please see photo #5 for a exact fabric)Sophisticated and minimalist look for modern women, to make your day unique and comfortable Itâ€™s easy-to-wear casual collection. Itâ€™s intending to bring the vacation zest into the everyday urban life. Light and streaming cut.This model is loose in shoulders and tight at wrist The cut of the sweater is loose on the body and ending with tight hem.The sweater has a bat sleeves, an unique hood and chunky metal zipper closure. This sweater made of Fluffy warm dark gray fabric. * Fluffy dark grey hot fabric* Zipper closer * Unique hood* Bat sleeve * Loose fit at upper part* Tight at wrist* Length 22'' (23'' for large, XL)SIZE:Small,  Medium, Large  in the stockThis sweater is over size. FABRIC:50% rayon45% acrilan5% LaycraWASH and CARE:â€¢Machine wash (30Â°C / 86Â°F max)â€¢No Machine dryCHECK YOUR SIZE ACCORDING THIS TABLE:0:Bust 32.5"" Waist 25. Hip 35"" (XS) 2:Bust 33.5"" Waist 26.5"" Hip 36"" (XS) 4:Bust 34.5"" Waist 27.5"" Hip 37"" (S) 6:Bust 35.5"" Waist 28.5 Hip 38"" (S) 8:Bust 36.5"" Waist 29.5"" Hip 39"" (M) 10:Bust 37.5"" Waist 30.5"" Hip 40"" (M) 12:Bust 39"" Waist 32"" Hip 41.5"" (L) 14:Bust 40.5"" Waist 33.5"" Hip 43"" (L-XL) 16:Bust 43"" Waist 36"" Hip 45.5"" (XL) In any question don't hesitate to contact me ))","Materials: jersey, lycra, acrilyc, angora, zipper, sale",Handmade
27,Mandala Jedi FLEECE LINED PONCHO Woolen Warm Flower of Life Hippy Pixie Psytrance Wear,Star Seller,"2,402 reviews",5 out of 5 stars,"Hello Wobblers and Squeakers!Introducing our Mandala print FLEECE LINED Jedi poncho in either Black, Grey or Green. Made from cosy, warm Kashmiri sheep's wool with a cowl style poncho hood, it will keep you nice and toasty WITH ITS FLEECE LINING and inside centre pocket. From the neckline to the bottom hem, the poncho measures 58 cm......THIS LISTING IS FOR OUR EXTRA COSY FLEECE LINED VERSION. IF YOU'D LIKE A LIGHTER VERSION, PLEASE CHECK OUT THIS LINK:https://www.etsy.com/uk/listing/560607166/mandala-jedi-poncho-woolen-warm-flowerPlease feel free to ask us any questions, and if you have time please check out our Etsy shop! We also have a Facebook page where you can leave reviews and see photos of our company progression:https://www.etsy.com/uk/shop/WobbleandSqueakwww.facebook.com/wobbleandsqueakFeedback/Terms and Conditions (please read if you get a sec)Hello Guys and Girls, we here at Wobble & Squeak HQ aim to please and hope you like our items as much as we do; after all they were made with LOVE!!!  However if you do have a problem with any aspect of our service (and we sincerely hope you wonâ€™t) please drop us a message at the first possible opportunity rather than leaving us negative feedback.  In our experience most issues can be resolved very easily and amicably.Returns (UK BUYERS)	Returns are accepted within 30 days as long as the item/s are unworn, undamaged and in a resalable condition. The buyer is required to pay return postage and the cost of sending out an exchange, unless the item/s are faulty in which case a full refund will be given. All items are sent 2nd class signed for and a tracking number can be provided on request.International Shipping and ReturnsAs for international shipping, we are quite happy to post far and wide so please feel free to send us a message about specific shipping costs.  Returns again will be at the buyerâ€™s expense.  The shipping price stated in the listing is for our international TRACKED service. If you would like an item sent international standard (not tracked) please let us know, but any items lost en route will NOT be the responsibility of Wobble and Squeak. Any items returned to us because of incorrect addresses or the buyer not being available to receive the parcel will incur a 20% surcharge and/or be liable for the return postage, if another dispatch is wanted. (Sorry but weâ€™re a small company, with large overheads). Customs duties will need to be paid by the buyer so please find out about this before purchase. Please see our domestic returns policy for more info.xxWE OFFER REDUCED SHIPPING COSTS FOR MULTIPLE ITEMS, SO GET IN TOUCH BEFORE PURCHASE AND SAVE YOURSELF SOME WOBBLY PENNIES!Swatch photos may differ from product received due to computer resolution, light and other factors.","Materials: Wool Mix, Cotton, Acrylic Fleece",Handmade
28,Fall camel coat / Woman wool coat / Loose fit camel coat / Warm wool overcoat / Oversized wool coat / Winter camel coat,"1,347 sales",347 reviews,5 out of 5 stars,"Loose fit coat with an H silhouette. This single-breasted coat has two horizontal pockets in the seam and the belt. The warmed version of this camel coat is perfect for a cool winter. We can add the insulation to the coat for the weather below 0Â°C. If you want us to do this,  PM us, and we will reply you as soon as possible.Lining: 100% viscoseAll our clothes are made to order, so please allow 5 - 7 working days for production. This time rate doesn't include the shipping time. Model size: 173cm/44kg  EU 34/US2Model wears size EU 34/US2 Loose fitINSTRUCTIONSDry cleaning onlyDo not bleachMedium ironWORLDWIDE SHIPPINGFeel free to contact us with any question-If you don't know what size you are feel free to contact us and tell your measurement. We will help you to choose the right size.-Making an order please don`t forget to leave your full information (address,name, phone number). We will contact you as soon as possible.-It is possible to produce individual color and design upon request","Materials: wool, viscose",Handmade
29,"SALE Monogram Sherpa Pullover Jacket, Monogram Sherpa Fleece Pullover, Monogram Fur Pullover, Sherpa Fleece Pullover, Bridesmaids Gift","18,582 sales","2,956 reviews",4.5 out of 5 stars,"PREVIEW YOUR MONOGRAM HERE ----> https://tskmonograms.com/products/monogram-previewThis is going to be your favorite Fall/Winter pullover this year! Our Monogrammed Sherpa Pullovers are super soft and very comfortable. They are the perfect pullover for staying warm this winter! This is a new style this year and includes pockets!Be sure to check out our listing for the kids tunics as well! Sizes 2T thru 13/14. ---> Visit our shops main website: https://www.tskmonograms.com---> Want to receive discount codes and promotions? http://eepurl.com/c5Ozhr=================================================================================================Product Details:True to size. (Please check the size chart in the listing photos for more specific measurements)Zipper ClosureWarm & CozySuper soft=================================================================================================At checkout, please provide the following information:1. List the initials you would like monogrammed in the order you want them. Typically this is, First Name Last Name Middle Name.2. Please specify the color of the monogram. ------> LAST PHOTO OF THE LISTING3. If you do not see a font listed in the pictures that you would like, please ask.4. If the above information is not communicated by the time your order is being processed, we will choose what we think looks best, as far as color of monogram.=================================================================================================Care Instructions-Hand wash or gentle machine wash. Air dry and fluff Sherpa material as it dries.","ad vertisement by TSKMonograms
Ad vertisement from shop TSKMonograms
TSKMonograms
From shop TSKMonograms",Handmade
30,"Personalized RN fleece jacket, Nursing Jacket, Graduation Gift, Registered Nurse, LPN, Occupational Jacket","3,610 sales",830 reviews,5 out of 5 stars,"***As of 8/15/21 we are switching back to ladies sizes which we originally offered. Make sure to look at the sizing chart. It is also recommended to go up one size in ladies for a better fit. Unisex is still available upon request****This light weight fleece jacket will be perfect for any work day. It can keep you warm in those cold hospitals!  Orders yours today!Remember, these are lightweight jackets.  They are not thick fleece jackets.PLEASE READ BEFORE ORDERING***** Turn around time for all orders at this time is 14-21 working (Monday-Friday) business days *********Cut off time for Christmas is Dec 5. NO ORDERS WILL SHIP BETWEEN DEC 27 - Jan 6. SHOP WILL BE CLOSED****Please contact us with any questions. If you are not happy with your item, please contact us.","ad vertisement by FortLedbetterDesigns
Ad from shop FortLedbetterDesigns
FortLedbetterDesigns
From shop FortLedbetterDesigns",Handmade
31,Monogrammed Quarter Zip Pullover Jacket | Personalized Adult Unisex Raincoat | Lightweight Hooded Quarter Zip Windbreaker | Black Pack-N-Go,"46,496 sales","8,975 reviews",5 out of 5 stars,"COUPON CODE: https://www.ldbags.net/pages/etsy-coupon-codeThis stylish, comfortable, and durable all-season pullover jacket provides protection against the wind and the rain! It is lightweight for layering as the weather turns cooler. The compact design folds into its own zippered front pocket for convenient storage. Toss one in your car, in your daily tote, or into your golf bag. Personalize for a one-of-a-kind gift for both men and women.â€¢ Unlined Unisex Designâ€¢ 100% Softexâ„¢ Polyester (2.06 oz./yd2)â€¢ Wind & Water-Resistantâ€¢ Extended Quarter-Zip Necklineâ€¢ Adjustable Shockcord Drawstring Hood & Hemâ€¢ Under Arm Ventilation Grommetsâ€¢ Elasticized CuffsNOTE: Personalization is on the left chest** PICTURED **Font: Master Circle / Thread Color: Hot Pink (1984)Follow the link to see more of our jackets: https://www.etsy.com/shop/MonogramExpress?section_id=19844841Please refer to sizing chart for your size. These items are not returnable so please make sure you order the correct sizeâ˜… Placing an order â˜… Personalization Options: Please select your Font and Thread Choice and follow our description for your personalization Monogramming a Name?  The fonts Natural Circle and Master Circle are for women only and cannot be used with names, they are designed to be used with 3 initials therefore do not work with names. If you would like a thread color not listed in the drop-down list, please select Chosen from Chart and provide the color and number from the chart in the personalization box. Also include gender, name or initials. If you need additional room for comments, enter those in the 'Note to Seller' box.",Materials: Polyester,Handmade
32,Set of 4 Monogrammed Personalized Half Zip Rain Jacket Pullover by Charles River Apparel,"4,428 sales",790 reviews,5 out of 5 stars,"***This listing is for a SET OF 4 jackets***  Please put jacket color(s), sizes,  font choice, thread color & Information in the Personalization box.  Look fabulous even on rainy days!  This stylish monogrammed Adult pullover from Charles River Apparel is the answer.  Available in 12 trendy colors!Wind & water-resistant River Tecâ„¢ Nylon with 100% cotton flannel lining throughout for softness. Conveniently packs into its front pouch pocket for storage. Extended zipper above neck offers extra protection against wind. Front pockets, elasticized cuffs and an open hem with shockcord drawstring.Please see photo 2 for dimensions - jackets are unisex sizes so they run big on women.  Please consult the sizing chart to determine the correct fit for you! We also can supply limited Greek items for your fraternity or sorority so please contact us via convo with your organization name for more information.For extra style, add a hood monogram!Please note:  We do our best to keep size availability updated, but occasionally our supplier will be out of certain sizes.  Should this happen, we will give you the option to choose a different color, wait for the item to be back in stock, or refund.In Notes to Seller, please include the following:- Font (See photo 3)- Thread Color (please select 2 if choosing a stacked font)- What to stitch (if a monogram, please provide in first-last-middle order - for example Mary Jane Smith would be mSj)RUSH ORDER:If you are needing an item before the stated production timeline, please convo me before you purchase for approval.  Fee may apply","ad vertisement by BekahsCustomBoutique
Ad from shop BekahsCustomBoutique
BekahsCustomBoutique
From shop BekahsCustomBoutique",Handmade
33,Vintage Jean Jacket,"8,619 sales","1,609 reviews",4.5 out of 5 stars,"Denim Jacket - VintageXS- 24-26 inch waist | 33-35 inch hip | 31-32 inch bustS - 27-29 inch waist | 36-38 inch hip | 33-34 inch bustM - 30-32 inch waist | 39-40 inch hip | 35-37 inch bustL â€“ 32-35 inch waist | 41-43 inch hip | 38-40 inch bustXL â€“ 36-38 inch waist | 44-46 inch hip | 41-43 inch bust Size in photo: Mediumâ€¢ Measurements lying flat jacket in photo â€¢Shoulder to shoulder: 22""Chest: 30""Under Arm: 38""Arm: 21 1/2""Length down front: 20""Length down back: 23""Waist: 37""Condition: Very clean, no tears loose threads, like new & freshly laundered & line dried. EXCELLENT VINTAGE CONDITIONYou'll receive the exact wash in the jacket that is the item exactly as pictured. The brands may vary, but itâ€™s the same color as imaged. ____________________RETURNSI know it's difficult to order online, not knowing if they will fit or not. Please be mindful of my sizing suggestions listed above before ordering, as you're responsible to knowing your measurements and how snug you want the material. I will do my best to assist you with any questions before ordering!- REFUND - I accept returns if they do not fit. You can get a Refund of the item (excluding shipping costs) if you mail it back.____________________VINTAGE ITEMS These are high-waited vintage items, meaning they may have been previously worn in the 70s-90s, but they are hand selected for quality. They aren't identical to the photo, other than the color of the wash. If you'd prefer a different wash or one with pockets, just add it to the comment on your order and I will accommodate it. ____________________HELP?If you have any further questions, I am just one message away! I would love to help you in anyway possible.____________________","ad vertisement by NefelibataStudio
Ad from shop NefelibataStudio
NefelibataStudio
From shop NefelibataStudio",Handmade
34,Sigma Sigma Sigma Unlined Anorak (Pink),"15,141 sales","1,529 reviews",4.5 out of 5 stars,"Sigma Sigma Sigma unlined pullover. Anorak color is pink. The lettering is embroidered in black but can be changed upon request. Extended zipper above neck offers extra protection against wind. 100% Polyester. Unlined & lightweight. Pullover design accented with black zippers. Underarm grommets for ventilation & elasticized cuffs. Open hem with shock cord drawstring.Please allow 7-10 days before item is ready to ship.If ordering anything other than black thread, it is considered a custom order and may not be returned.","ad vertisement by MegaGreek
Ad from shop MegaGreek
MegaGreek
From shop MegaGreek",Handmade
35,"Womens' Black Handmade Cape, Black Hooded Cloak, Plus Size Cape Coat, Hooded Poncho",Star Seller,665 reviews,5 out of 5 stars,"Wrap up in this elegant black handmade hooded cape, made from beautiful soft fleece fabric. Fastened with three toggle buttons, this stylish cape will keep you warm on those chilly autumn evenings.Standard size: fits 8 to 16 UK sizes/ 4 to 12 US sizes. Length 78cm / 31 inchPlus size: fits 18 to 24 UK sizes/ 14 to 20 US sizes. Length 86cm / 34 inch* If your height is over 5ft 8in/173cm, please choose 'plus size' regardless of what size you wear.The model is 5ft 5in/168cm tall and is wearing the cape in standard size.Designed and handmade in Scotland.Material: snuggly soft fleece, 100% polyester.Wash care: we recommend gentle machine wash, dry naturally and iron on reverse on a low setting.Thank you for visiting my shop!","ad vertisement by DeliCatStudio
Ad from shop DeliCatStudio
DeliCatStudio
From shop DeliCatStudio",Handmade
36,Navy Blue Long Sleeved Faux Fur Bolero / Shrug / Jacket / Shawl / Wrap / Weddings Satin Lining - UK 4-26,"13,759 sales","1,359 reviews",5 out of 5 stars,"All of our items are handmade and unique to our company. Soft faux Fur boleros, these stunning boleros have long sleeves, a hook and eye fastening at the neck and are fully lined with a matching satin lining. They are finished to a high standard. Perfect to finish the look!Lots of other styles/colours available, click on link below to view my Etsy shop - https://www.etsy.com/uk/shop/dazzlingladieswear?ref=hdr_shop_menuSizes/Approximate measurements:XSmall - UK 4-6 / US 1-2 / Europe 32 -34 ~ Shoulders 15"", Will fit chest 31""-33"", Arm length 22""Small - UK 8-10 / US 4-6 / Europe 36-38 ~ Shoulders 16"", Will fit chest 33""-35"", Arm length 22""Medium - UK 12-14 / US 8-10/ Europe 40-42 ~ Shoulders 17"", Will fit chest 35""-38"", Arm length 22""Large - UK 16-18 / US 12-14 / Europe 44-46 ~ Shoulders 19"", Will fit chest 38""-41"", Arm length 23""XLarge - UK 20-22 / US 16-18 / Europe 48-50 ~ Shoulders 21"", Will fit chest 42""-45"", Arm length 23""XXLarge - UK 24-26 / US 20-22 / Europe 52-54 ~ Shoulders 22.5"", Will fit chest 46""""-50"", Arm length 23""The chest measurement is the fullest part of the bust.Australia are the same as the UK sizesComposition - 100% polyester","Materials: Fur, faux fur, satin, polyester satin",Handmade
37,"Coat, victorian, gothic, with lace, high collar, black with red lace, lined",27 sales,14 shop reviews,0 out of 5 stars,"Coat, victorian, gothic, with lace, high collar, lined, asymmetrical buttons, gathered sleeves bottom",Materials: caban,Handmade
38,"Wool Coat, Cape Coat, Winter Wool Coat, Cashmere Wool Coat, Asymmetric Coat, Yellow Coat, Long Coat, Warm Coat, Minimalist RENATA - CT0001CA",Star Seller,"6,078 reviews",5 out of 5 stars,"Wool Coat, Cape Coat, Winter Wool Coat, Cashmere CoatGorgeous yellow cashmere coat with two hidden side pockets. The coat do not have a lining. The coat dresses wide. You can personalise your length of this coat. Very comfortable, loose style that make you feel gorgeous and comfortable. Front fastening with button, long sleeves, collared neckline, A line Silhouette, long sleeves with cuffs with buttons. SIZE & FIT:â€¢Our Model is 5â€²6â€³ / 175 cm and wears size M.â€¢Available Sizes: form XS up to 8XLâ€¢This product could be customized according to your measurements.â€¢Please leave your requirements in the checkout.CAREDry Cleaning Machine Wash 30Â°CHand Wash with warm waterMedium hot ironTime to ship & DELIVERY :Your piece will be ready to ship in 5-6 biz days upon placing your order.UPS Express Worldwide - 3-4 days delivery timeExplore the rest of my collection here:https://www.etsy.com/shop/EUGfashion For any Personal questions and Business queries, please do not hesitate to contact us.Thank you for choosing EUG FASHION: Handcrafted Contemporary Women-WearXOXO,Geri",Materials: Cashmere wool with polyester,Handmade
39,Nurse Fleece Jacket-Gray White Navy Black Registered ER Surge Tech Mother Baby,"10,607 sales","1,734 reviews",5 out of 5 stars,"Are you a nurse,doctor,paramedic or tech?  Med Surg, Neurology, Pediatrics, Ortho?                       Are you ever freezing in the cold hospital? Whatever area you work at in the medical field you can now have a custom fleece jacket to throw on or off to keep you from freezing.      This is a great fleece to keep you warm-personalized with your name and department.Please include name and size of jacket..  White is a women's fit.The jacket can be personalized with your specific title or department. Jackets are available in navy, charcoal, black, gray, purple and fucshia.Please make sure your order the correct size as there are no refunds/exchanges allowed on personalized items.Be sure to leave personalization details in the message to seller section during checkout.  Include Title, Name and thread color.  If no thread color is listed we will use our best judgement.","Materials: fleece, thread",Handmade
40,Mantello in lana bordeaux,"1,444 sales",523 shop reviews,5 out of 5 stars,"Elegante mantella in pura lana con ampio cappuccio di ispirazione medievale.E' interamente bordata in sbieco di raso, si chiude con due bottoni di metallo sul davanti.Lunghezze:Davanti: 60 cmDietro: 95 cmSe preferite la mantella in lunghezze diverse da quelle indicate fatemelo sapere!Ogni mantella Ã¨ tagliata su ordinazione e quindi personalizzabile!","Materials: viscose lining, pure wool, metal buttons, viscose bias tape",Handmade
41,Rainbow Pride Unicorn Festival Birthday Gift Costume Playa Coat Colorful Outfits Fake Fur Shiny Jacket Clothing Women Rave,645 sales,113 reviews,5 out of 5 stars,"SUGAR RAINBOW  Reversible Faux Fur CoatFUR: Rainbow Faux FurLINING: Silver Broken Glass SpandexFur Weight/Thickness: MediumFEATURES:- reversible - enjoy 2 looks in one coat! - 4 big pockets: 2 on the fur side, 2 zipped pockets - on the lining side. - 4 hook closures- hood* Machine wash cold** Hang to drySee more options in our shop: https://www.etsy.com/shop/SHUBAdesignsFollow and tag us on Instagram: https://www.instagram.com/shuba.designs/ OR @shuba.designs","Materials: holographic spandex, faux fur",Handmade
42,Camel Joe Jacket Tyvek Jacket Vintage CAMEL CIGARETTES 90s Windbreaker Smoker Thin Plastic Coat Bright Smoking Yellow Extra Large XL,"67,128 sales","17,114 reviews",5 out of 5 stars,"Vintage 90s jacket from Camel cigarettes. Made of paper thin, lightweight tyvek plastic. Zips up the front with a slouchy fit. This is a jacket to wear for fun, not for warmth.For reference, model is 5'7"" and measures 31-23-34.  DETAILSBest fits: Extra Large (Check measurements for exact fit.)Condition: Very good vintage (light general wear)Material: TyvekMEASUREMENTSTaken from seam to seam while the garment is lying flat. Double the armpit, waist, and hips.Length from top of shoulder: 25.5â€Armpit to armpit: 25â€Waist: 22â€ to 24â€Shoulder to shoulder: 24â€Sleeve: 23.5â€FOR SALES AND PROMOTIONS, FOLLOW US HERE!Instagram: @shopexilefacebook.com/shopexile",Materials: tyvek,Vintage from the 1990s
43,Hand painted denim Jacket with painting Jacket with art work on it Art on denim Denim jean Jacket with art pop-art Family Look Mom and child,371 sales,126 shop reviews,5 out of 5 stars,"Hand painted denim Jacket with painting Jacket with art work on it Art on denim Denim jean Jacket with art pop-art Family Look Mom and child>>> A perfect gift for those who like exclusive things>>> Unique artworks by paint>>> we can choose clothes of your size>>> paints for textile, paints for fabrics, not washed off>>>Selection of clothing size and drawing pattern on the jacket for 2-14 days>>> Clothing size and color are coordinated with you, after which we proceed to work.>>>> 1. You can ask any picture you like 2. send a photo or a picture, we paint it with paint on the jacket The size can be selected from XS-XXXXXL.Hand wash up to 40 degrees Celsius:Best hand wash in warm water without strong mechanical impact.Wash in a washing machine, please use ""delicate"" / parameters (not above 40 degrees)Iron on the reverse side.Please contact me about your order and if there are any additional questions, please contact!!!!Visit our other sections of the store!!!:The whole range of goods:https://www.etsy.com/shop/KOKO4KAjeansTUNINGWEDDING:https://www.etsy.com/shop/KOKO4KAjeansTUNING?section_id=23815321KIDS:https://www.etsy.com/shop/KOKO4KAjeansTUNING?section_id=23815339MEN:https://www.etsy.com/shop/KOKO4KAjeansTUNING?section_id=23802758DECOR / ACCESSORIES:https://www.etsy.com/shop/KOKO4KAjeansTUNING?section_id=24837141KNITTED HANDMADE CLOTHING:https://www.etsy.com/shop/KOKO4KAjeansTUNING?section_id=25159701Designer denim overalls:https://www.etsy.com/shop/KOKO4KAjeansTUNING?section_id=25190835Designer T-shirts:https://www.etsy.com/shop/KOKO4KAjeansTUNING?section_id=21932613Designer vests:https://www.etsy.com/shop/KOKO4KAjeansTUNING?section_id=21189993Designer Women's Dresses:https://www.etsy.com/shop/KOKO4KAjeansTUNING?section_id=21184592Designer exclusive jackets:https://www.etsy.com/shop/KOKO4KAjeansTUNING?section_id=21189915Designer exclusive jeans:https://www.etsy.com/shop/KOKO4KAjeansTUNING?ref=seller-platform-mcnav%C2%A7ion_idÂ§ion_id=21189929Designer sweater:https://www.etsy.com/shop/KOKO4KAjeansTUNING?ref=seller-platform-mcnav%C2%A7ion_idÂ§ion_id=22654543Designer denim shorts:https://www.etsy.com/shop/KOKO4KAjeansTUNING?ref=seller-platform-mcnav%C2%A7ion_idÂ§ion_id=21184560Designer knitted hats, snacks and mittens:https://www.etsy.com/shop/KOKO4KAjeansTUNING?ref=seller-platform-mcnav%C2%A7ion_idÂ§ion_id=21189927Designer knitted swimwear:https://www.etsy.com/shop/KOKO4KAjeansTUNING?ref=seller-platform-mcnav%C2%A7ion_idÂ§ion_id=21184602I N S T A G R A M Mhttps://www.instagram.com/koko4ka_jeans_tuning_design/F A C E B O O Khttps://www.facebook.com/koko4kaJEANStuning/Thank you for coming to my store, enjoy your view of my goods ;)Juli","Materials: acrylic paints, denim, jeans, jean, torn jeans, Destroyed, Ripped, art, Handmade, Hand made, hand painted, Family Look, Mom and child",Handmade
44,"Monogrammed Fleece Pullover, Fleece, Fleece Jacket","4,699 sales",800 reviews,4.5 out of 5 stars,"These pullovers are so comfortable and cute!  They are a super stylish fleece that is great for keeping warm.  They have pockets for keeping your hands warm.  :)Available in red, navy, black, grey, royal, and hunter green.  Sizes S-XXL.   These are a UNISEX FIT, so they DO RUN LARGE. Please list the following in the notes section when ordering:1.  MONOGRAMList monograms in first LAST middle.  (kSh)(We are not responsible for monograms given in the incorrect format)2.  FONT3.  THREAD COLOR***Interlocking Vine font (shown in pictures) will be used if not font is listed.  ***coral and turquoise are shown in first picture, garnet and white are shown in the second picturePlease note that monogram items cannot be returned.","ad vertisement by SennCreations
Ad from shop SennCreations
SennCreations
From shop SennCreations",Handmade
45,Women boiled wool Jacket  darkbrown size Xs-L,226 sales,42 shop reviews,4.5 out of 5 stars,"Elegante Bolerojacke aus edlem Wollwalk mit groÃŸen Volants.Elegant bolero jacket made â€‹â€‹of fine boiled wool with large ruffles.A nice and cozy at the same time part in cool temperatures!A very versatile piece that every outfit styled certain something to give, whether a wedding, baptism or simple jeans to the office.By the arcuate ruffles on the back gives the impression of a small lap!The jacket can be closed with a brooch or similar or simply worn open!Colour: Darkbrown.Available Sizes: XS, S, M, L.INFO:From size 40 surcharge is made of a material additional 7.00 euros!Back length: ca.60, 0cmShell: 100% virgin wool.Care: Hand wash, ironing Â° Â°.Please specify after purchase-the desired size jacket is then ready-made","ad vertisement by RosenrotMode
Ad vertisement from shop RosenrotMode
RosenrotMode
From shop RosenrotMode",Handmade
46,"bomber jacket, oliv, khaki, SABRINA WEIGT, knitwear, mohair, knitted bomber jacket, chunky knit, oversized knit,cardigan,mohair knit,fashion",91 sales,29 shop reviews,5 out of 5 stars,"This bomber jacket in a warm olive tone is knitted from the finest super kid mohair. The knit jacket is comfortably light to wear but keeps you wonderfully warm all the same. Since the material is very high quality super kid mohair the oversized knit feels soft even next to your bare skin.__________________________________SIZEXS, S, M, L__________________________________MATERIAL66% super kid mohair30% polyamid   4% merino wool Composition according Textile Labelling Act66% mohair30% polyamid   4% wool__________________________________CARE-hand wash in lukewarm water with fine detergent-gently pull into shape-lay flat to dry-if needed steam on low heat__________________________________All pieces are made to order and the production of your order may take up to 4 weeks before it will be sent to you.If you would prefer a faster delivery, please contact me via email to hi [!at] sabrina-weigt.de.__________________________________You might also like:https://www.etsy.com/de/listing/398058477/cape-poncho-olive-kid-mohair-stehkragenhttps://www.etsy.com/de/listing/280622118/cardigan-camouflage-oliv-mohair-kaschmirhttps://www.etsy.com/de/listing/260717874/mohair-bomberjacke-grau-creme-cameFor more choices look at the shop:https://www.etsy.com/de/shop/SABRINAWEIGT__________________________________Stay updated on news, behind the scene glimpses and special events:https://www.sabrina-weigt.deInstagram @sabrinaweigthttps://www.instagram.com/sabrinaweigtFACEBOOKhttps://www.facebook.com/sabrinaweigt.de__________________________________If you have questions, requests or suggestions, please send me an e-mail tohi [!at] sabrina-weigt.de__________________________________","Materials: Super Kid Mohair, Kid Mohair, Mohair, Superkid Mohair, weiches Mohair, Hochwertiges Mohair, gestrickt, Strick, grob gestrickt, dickes Mohair, olive mohair, khaki mohair, khaki strickjacke",Handmade
47,"Monogrammed Vest- SALE Black Quilted Vest - Ladies Monogrammed Quilted Vest - Womens Personalized Vest - Lightweight Puffer Jacket, Gift Her","26,806 sales","4,924 reviews",5 out of 5 stars,"Clearance Sale!  These are priced to sell out!  Sale price is already taken off, no coupon needed!  ONLY SIZE Small left and these run a little small so please check measurements!  Huge discount on the size smalls WHILE SUPPLIES LAST!This unique black monogram vest will become your favorite new wardrobe staple!  It's light enough for fall and spring, but great to layer in the winter as well.  Having it monogrammed on the chest or upper back or lower back makes it a show stopper!  Gold zippers and snaps, 2 pockets in front, and a decorative band in the back adorn the vest.  It's soft quilted polyester and fully lined.  These make a very special and memorable Christmas gift, bridesmaids gift, or birthday gift for women.MONOGRAMThis quilted vest is so much fun monogrammed!  It's your choice of fonts, colors, and location.  Choose a font from the last photo, and just tell me what thread color you prefer.  The vest shown has it monogrammed with Monogram KK.  You can choose to monogram it on the chest (like the picture), the upper back (the same size monogram as the picture), or the lower back (a very large monogram across the lower back of the vest)INITIALSPlease give me your full name, so there is no confusion over the monogram!  I will put the initials in order of first initial, LAST INITIAL LARGER, middle initial for you.  (aCb, but all capital letters).  SIZING:Generally a vest goes over a sweater or shirt, so keep that in mind!  These run  small.  If you have a long torso, or are on the fence, order the next size up! Garment Measurements of VestsSmall:  Chest: 37"", Length (shoulder to hem):  21""Medium: Chest: 40"", Length (shoulder to hem): 21.5""Large:  Chest 42.5"", Length (shoulder to hem):  22""- SOL DOUTXlarge:  Chest 45"", Length (shoulder to hem): 22.5""- SOLD OUTFont Choices are available here or in the last picture of this listing: http://sodacitysewing.com/fontsizingIf no font is specified, I'll use ""monogram""(pictured as the script in the photos).CUSTOM ORDERS:I'm happy to make custom items, just ask!SHIPPING AND DELIVERY TIMES:   You choose your delivery time at checkout!  For domestic orders, you can get your outfit in as few as 5 days, 7 days, 1.5 weeks, or 2 weeks, depending on the shipping options you select at checkout.   The cheapest shipping is for first class mail, which is not guaranteed.  All  shipping upgrades will be shipped Priority, and are guaranteed to arrive on time as long as your address is correct! International shipping is set up similarly, and you can also choose your international delivery time.  Note that first class international shipping can be up to 8 weeks, and not all countries provide tracking information.  Thanks for looking at Soda City Sewing's Etsy shop!","Materials: quilted, monogram, vest, puffer",Handmade
